{"cameraMode":{"drawMode":0,"name":"Shaded","section":"Shading Mode"},"sceneLighting":false,"audioPlay":false,"sceneViewState":{"showFog":true,"showMaterialUpdate":false,"showSkybox":true,"showFlares":true,"showImageEffects":true,"showParticleSystems":true},"in2DMode":false,"pivot":{"x":-4.569493770599365,"y":-1.2181239128112794,"z":0.03148651123046875},"rotation":{"x":-0.11879919469356537,"y":0.7226213216781616,"z":-0.12836924195289613,"w":-0.6687500476837158},"size":9.47852897644043,"orthographic":false}