{"cameraMode":{"drawMode":0,"name":"Shaded","section":"Shading Mode"},"sceneLighting":false,"audioPlay":false,"sceneViewState":{"showFog":true,"showMaterialUpdate":false,"showSkybox":true,"showFlares":true,"showImageEffects":true,"showParticleSystems":true},"in2DMode":false,"pivot":{"x":-5.420577526092529,"y":0.8314300775527954,"z":11.794023513793946},"rotation":{"x":-0.051057931035757068,"y":-0.254792183637619,"z":0.013472403399646283,"w":-0.9655530452728272},"size":11.922161102294922,"orthographic":false}