{"cameraMode":{"drawMode":0,"name":"Shaded","section":"Shading Mode"},"sceneLighting":true,"audioPlay":false,"sceneViewState":{"showFog":false,"showMaterialUpdate":false,"showSkybox":false,"showFlares":false,"showImageEffects":false,"showParticleSystems":false},"in2DMode":false,"pivot":{"x":35.317569732666019,"y":-12.22270393371582,"z":13.48983097076416},"rotation":{"x":-0.14747683703899384,"y":-0.569181501865387,"z":0.09944630414247513,"w":-0.8028038740158081},"size":32.404380798339847,"orthographic":true}