{"cameraMode":{"drawMode":0,"name":"Shaded","section":"Shading Mode"},"sceneLighting":false,"audioPlay":false,"sceneViewState":{"showFog":true,"showMaterialUpdate":false,"showSkybox":true,"showFlares":true,"showImageEffects":true,"showParticleSystems":true},"in2DMode":false,"pivot":{"x":-4.723276138305664,"y":-2.608574390411377,"z":11.307178497314454},"rotation":{"x":-0.37995749711990359,"y":-0.035524606704711917,"z":0.014603856950998307,"w":-0.9242061972618103},"size":9.158564567565918,"orthographic":false}