{"cameraMode":{"drawMode":0,"name":"Shaded","section":"Shading Mode"},"sceneLighting":false,"audioPlay":false,"sceneViewState":{"showFog":true,"showMaterialUpdate":false,"showSkybox":true,"showFlares":true,"showImageEffects":true,"showParticleSystems":true},"in2DMode":false,"pivot":{"x":-1.5285234451293946,"y":0.10699462890625,"z":11.63850212097168},"rotation":{"x":-0.054081663489341739,"y":0.3152818977832794,"z":-0.018001006916165353,"w":-0.9472848176956177},"size":19.06113624572754,"orthographic":false}