{"cameraMode":{"drawMode":0,"name":"Shaded","section":"Shading Mode"},"sceneLighting":false,"audioPlay":false,"sceneViewState":{"showFog":true,"showMaterialUpdate":false,"showSkybox":true,"showFlares":true,"showImageEffects":true,"showParticleSystems":true},"in2DMode":false,"pivot":{"x":-4.76837158203125e-7,"y":1.1343845129013062,"z":7.482856750488281},"rotation":{"x":0.06312394142150879,"y":-0.6597277522087097,"z":0.05576751381158829,"w":0.7467695474624634},"size":8.12064266204834,"orthographic":false}