{"cameraMode":{"drawMode":0,"name":"Shaded","section":"Shading Mode"},"sceneLighting":false,"audioPlay":false,"sceneViewState":{"showFog":true,"showMaterialUpdate":false,"showSkybox":true,"showFlares":true,"showImageEffects":true,"showParticleSystems":true},"in2DMode":false,"pivot":{"x":-9.439571380615235,"y":-2.5823898315429689,"z":18.26128387451172},"rotation":{"x":0.14498436450958253,"y":-0.20729167759418488,"z":0.03108139894902706,"w":0.9669765830039978},"size":14.9965238571167,"orthographic":false}