{"cameraMode":{"drawMode":0,"name":"Shaded","section":"Shading Mode"},"sceneLighting":false,"audioPlay":false,"sceneViewState":{"showFog":true,"showMaterialUpdate":false,"showSkybox":true,"showFlares":true,"showImageEffects":true,"showParticleSystems":true},"in2DMode":false,"pivot":{"x":-3.891256809234619,"y":-2.5796256065368654,"z":2.19218111038208},"rotation":{"x":-0.18331527709960938,"y":0.6346743106842041,"z":-0.15855470299720765,"w":-0.7337883710861206},"size":10.81657600402832,"orthographic":false}