{"cameraMode":{"drawMode":0,"name":"Shaded","section":"Shading Mode"},"sceneLighting":false,"audioPlay":false,"sceneViewState":{"showFog":true,"showMaterialUpdate":false,"showSkybox":true,"showFlares":true,"showImageEffects":true,"showParticleSystems":true},"in2DMode":false,"pivot":{"x":-1.0836676359176636,"y":1.9276719093322755,"z":0.5130071640014648},"rotation":{"x":-0.040913768112659457,"y":0.4293823540210724,"z":-0.01947796903550625,"w":-0.9019852876663208},"size":3.157883644104004,"orthographic":false}