{"cameraMode":{"drawMode":0,"name":"Shaded","section":"Shading Mode"},"sceneLighting":false,"audioPlay":false,"sceneViewState":{"showFog":true,"showMaterialUpdate":false,"showSkybox":true,"showFlares":true,"showImageEffects":true,"showParticleSystems":true},"in2DMode":false,"pivot":{"x":6.453241348266602,"y":3.3169875144958498,"z":0.32610952854156496},"rotation":{"x":0.024027979001402856,"y":0.6770939230918884,"z":0.022128194570541383,"w":-0.735171377658844},"size":3.157883644104004,"orthographic":false}