{"cameraMode":{"drawMode":0,"name":"Shaded","section":"Shading Mode"},"sceneLighting":false,"audioPlay":false,"sceneViewState":{"showFog":true,"showMaterialUpdate":false,"showSkybox":true,"showFlares":true,"showImageEffects":true,"showParticleSystems":true},"in2DMode":false,"pivot":{"x":3.1822710037231447,"y":-0.0016387701034545899,"z":10.736732482910157},"rotation":{"x":-0.08208753168582916,"y":-0.4438614249229431,"z":0.040873974561691287,"w":-0.8913910388946533},"size":8.12064266204834,"orthographic":false}