{"cameraMode":{"drawMode":0,"name":"Shaded","section":"Shading Mode"},"sceneLighting":true,"audioPlay":false,"sceneViewState":{"showFog":true,"showMaterialUpdate":false,"showSkybox":true,"showFlares":true,"showImageEffects":true,"showParticleSystems":true},"in2DMode":false,"pivot":{"x":-5.35630464553833,"y":3.5750088691711427,"z":6.803987503051758},"rotation":{"x":-0.258012980222702,"y":-0.032398439943790439,"z":0.004541985224932432,"w":-0.9656173586845398},"size":19.169095993041993,"orthographic":true}