{"cameraMode":{"drawMode":0,"name":"Shaded","section":"Shading Mode"},"sceneLighting":false,"audioPlay":false,"sceneViewState":{"showFog":true,"showMaterialUpdate":false,"showSkybox":true,"showFlares":true,"showImageEffects":true,"showParticleSystems":true},"in2DMode":false,"pivot":{"x":1.5062522888183594,"y":1.1797809600830079,"z":13.278385162353516},"rotation":{"x":-0.020459331572055818,"y":-0.28253358602523806,"z":0.00602657999843359,"w":-0.9590203166007996},"size":11.922161102294922,"orthographic":false}