{"cameraMode":{"drawMode":0,"name":"Shaded","section":"Shading Mode"},"sceneLighting":false,"audioPlay":false,"sceneViewState":{"showFog":true,"showMaterialUpdate":false,"showSkybox":true,"showFlares":true,"showImageEffects":true,"showParticleSystems":true},"in2DMode":false,"pivot":{"x":4.579996109008789,"y":1.7839300632476807,"z":6.2543158531188969},"rotation":{"x":-0.03858513385057449,"y":-0.30500301718711855,"z":0.012367413379251957,"w":-0.9514890909194946},"size":9.57923412322998,"orthographic":false}