{"cameraMode":{"drawMode":0,"name":"Shaded","section":"Shading Mode"},"sceneLighting":false,"audioPlay":false,"sceneViewState":{"showFog":true,"showMaterialUpdate":false,"showSkybox":true,"showFlares":true,"showImageEffects":true,"showParticleSystems":true},"in2DMode":false,"pivot":{"x":-4.191051959991455,"y":0.6894456148147583,"z":7.932647705078125},"rotation":{"x":-0.42827367782592776,"y":0.0029887822456657888,"z":-0.0013486817479133607,"w":-0.9037131071090698},"size":10.39226245880127,"orthographic":false}