{"cameraMode":{"drawMode":0,"name":"Shaded","section":"Shading Mode"},"sceneLighting":false,"audioPlay":false,"sceneViewState":{"showFog":true,"showMaterialUpdate":false,"showSkybox":true,"showFlares":true,"showImageEffects":true,"showParticleSystems":true},"in2DMode":false,"pivot":{"x":-0.5171430110931397,"y":1.1343845129013062,"z":8.000000953674317},"rotation":{"x":0.3079553246498108,"y":-0.031910672783851626,"z":0.010331952013075352,"w":0.9508575797080994},"size":8.120641708374024,"orthographic":false}